﻿<?xml version="1.0" encoding="utf-8"?>
<G8GDPs>
  <GDP>
    <Country>Canada</Country>
    <Year>2001</Year>
    <Product>715.423553719008</Product>
  </GDP>
  <GDP>
    <Country>Canada</Country>
    <Year>2002</Year>
    <Product>734.661951188428</Product>
  </GDP>
  <GDP>
    <Country>Canada</Country>
    <Year>2003</Year>
    <Product>865.873242452359</Product>
  </GDP>
  <GDP>
    <Country>Canada</Country>
    <Year>2004</Year>
    <Product>992.226099521914</Product>
  </GDP>
  <GDP>
    <Country>Canada</Country>
    <Year>2005</Year>
    <Product>1133.75998547567</Product>
  </GDP>
  <GDP>
    <Country>Canada</Country>
    <Year>2006</Year>
    <Product>1278.6108466448</Product>
  </GDP>
  <GDP>
    <Country>Canada</Country>
    <Year>2007</Year>
    <Product>1424.06572944791</Product>
  </GDP>
  <GDP>
    <Country>Canada</Country>
    <Year>2008</Year>
    <Product>1502.67843754686</Product>
  </GDP>
  <GDP>
    <Country>Canada</Country>
    <Year>2009</Year>
    <Product>1337.57763975155</Product>
  </GDP>
  <GDP>
    <Country>Canada</Country>
    <Year>2010</Year>
    <Product>1577.04008221776</Product>
  </GDP>
  <GDP>
    <Country>France</Country>
    <Year>2001</Year>
    <Product>1338.30255033557</Product>
  </GDP>
  <GDP>
    <Country>France</Country>
    <Year>2002</Year>
    <Product>1452.03049124788</Product>
  </GDP>
  <GDP>
    <Country>France</Country>
    <Year>2003</Year>
    <Product>1792.21489841986</Product>
  </GDP>
  <GDP>
    <Country>France</Country>
    <Year>2004</Year>
    <Product>2055.67773618173</Product>
  </GDP>
  <GDP>
    <Country>France</Country>
    <Year>2005</Year>
    <Product>2136.55536487092</Product>
  </GDP>
  <GDP>
    <Country>France</Country>
    <Year>2006</Year>
    <Product>2255.70547745004</Product>
  </GDP>
  <GDP>
    <Country>France</Country>
    <Year>2007</Year>
    <Product>2582.38973335633</Product>
  </GDP>
  <GDP>
    <Country>France</Country>
    <Year>2008</Year>
    <Product>2831.7940601311</Product>
  </GDP>
  <GDP>
    <Country>France</Country>
    <Year>2009</Year>
    <Product>2624.50423217285</Product>
  </GDP>
  <GDP>
    <Country>France</Country>
    <Year>2010</Year>
    <Product>2560.002</Product>
  </GDP>
  <GDP>
    <Country>Germany</Country>
    <Year>2001</Year>
    <Product>1880.89485458613</Product>
  </GDP>
  <GDP>
    <Country>Germany</Country>
    <Year>2002</Year>
    <Product>2006.58761528327</Product>
  </GDP>
  <GDP>
    <Country>Germany</Country>
    <Year>2003</Year>
    <Product>2423.81489841986</Product>
  </GDP>
  <GDP>
    <Country>Germany</Country>
    <Year>2004</Year>
    <Product>2726.34147250005</Product>
  </GDP>
  <GDP>
    <Country>Germany</Country>
    <Year>2005</Year>
    <Product>2766.25379296622</Product>
  </GDP>
  <GDP>
    <Country>Germany</Country>
    <Year>2006</Year>
    <Product>2902.74869816005</Product>
  </GDP>
  <GDP>
    <Country>Germany</Country>
    <Year>2007</Year>
    <Product>3323.80741215212</Product>
  </GDP>
  <GDP>
    <Country>Germany</Country>
    <Year>2008</Year>
    <Product>3623.6862342989</Product>
  </GDP>
  <GDP>
    <Country>Germany</Country>
    <Year>2009</Year>
    <Product>3298.63595256188</Product>
  </GDP>
  <GDP>
    <Country>Germany</Country>
    <Year>2010</Year>
    <Product>3280.5298013245</Product>
  </GDP>
  <GDP>
    <Country>Italy</Country>
    <Year>2001</Year>
    <Product>1117.35848132886</Product>
  </GDP>
  <GDP>
    <Country>Italy</Country>
    <Year>2002</Year>
    <Product>1218.92124814041</Product>
  </GDP>
  <GDP>
    <Country>Italy</Country>
    <Year>2003</Year>
    <Product>1507.17124357111</Product>
  </GDP>
  <GDP>
    <Country>Italy</Country>
    <Year>2004</Year>
    <Product>1727.82547230759</Product>
  </GDP>
  <GDP>
    <Country>Italy</Country>
    <Year>2005</Year>
    <Product>1777.69395364747</Product>
  </GDP>
  <GDP>
    <Country>Italy</Country>
    <Year>2006</Year>
    <Product>1863.38093602512</Product>
  </GDP>
  <GDP>
    <Country>Italy</Country>
    <Year>2007</Year>
    <Product>2116.20171901133</Product>
  </GDP>
  <GDP>
    <Country>Italy</Country>
    <Year>2008</Year>
    <Product>2296.49739424616</Product>
  </GDP>
  <GDP>
    <Country>Italy</Country>
    <Year>2009</Year>
    <Product>2111.157906995</Product>
  </GDP>
  <GDP>
    <Country>Italy</Country>
    <Year>2010</Year>
    <Product>2051.41215336954</Product>
  </GDP>
  <GDP>
    <Country>Japan</Country>
    <Year>2001</Year>
    <Product>4095.48428398513</Product>
  </GDP>
  <GDP>
    <Country>Japan</Country>
    <Year>2002</Year>
    <Product>3918.3350878872</Product>
  </GDP>
  <GDP>
    <Country>Japan</Country>
    <Year>2003</Year>
    <Product>4229.09685293724</Product>
  </GDP>
  <GDP>
    <Country>Japan</Country>
    <Year>2004</Year>
    <Product>4605.92090061279</Product>
  </GDP>
  <GDP>
    <Country>Japan</Country>
    <Year>2005</Year>
    <Product>4552.20018508774</Product>
  </GDP>
  <GDP>
    <Country>Japan</Country>
    <Year>2006</Year>
    <Product>4362.58953215419</Product>
  </GDP>
  <GDP>
    <Country>Japan</Country>
    <Year>2007</Year>
    <Product>4377.94384904122</Product>
  </GDP>
  <GDP>
    <Country>Japan</Country>
    <Year>2008</Year>
    <Product>4879.86145376794</Product>
  </GDP>
  <GDP>
    <Country>Japan</Country>
    <Year>2009</Year>
    <Product>5032.98275838115</Product>
  </GDP>
  <GDP>
    <Country>Japan</Country>
    <Year>2010</Year>
    <Product>5458.83666387085</Product>
  </GDP>
  <GDP>
    <Country>Russia</Country>
    <Year>2001</Year>
    <Product>306.602673980117</Product>
  </GDP>
  <GDP>
    <Country>Russia</Country>
    <Year>2002</Year>
    <Product>345.110438693573</Product>
  </GDP>
  <GDP>
    <Country>Russia</Country>
    <Year>2003</Year>
    <Product>430.347770733154</Product>
  </GDP>
  <GDP>
    <Country>Russia</Country>
    <Year>2004</Year>
    <Product>591.016690742938</Product>
  </GDP>
  <GDP>
    <Country>Russia</Country>
    <Year>2005</Year>
    <Product>764.000901160579</Product>
  </GDP>
  <GDP>
    <Country>Russia</Country>
    <Year>2006</Year>
    <Product>989.930542278685</Product>
  </GDP>
  <GDP>
    <Country>Russia</Country>
    <Year>2007</Year>
    <Product>1299.70576482448</Product>
  </GDP>
  <GDP>
    <Country>Russia</Country>
    <Year>2008</Year>
    <Product>1660.846387626</Product>
  </GDP>
  <GDP>
    <Country>Russia</Country>
    <Year>2009</Year>
    <Product>1221.99135371176</Product>
  </GDP>
  <GDP>
    <Country>Russia</Country>
    <Year>2010</Year>
    <Product>1479.81931405823</Product>
  </GDP>
  <GDP>
    <Country>UK</Country>
    <Year>2001</Year>
    <Product>1470.89103210019</Product>
  </GDP>
  <GDP>
    <Country>UK</Country>
    <Year>2002</Year>
    <Product>1612.05635491607</Product>
  </GDP>
  <GDP>
    <Country>UK</Country>
    <Year>2003</Year>
    <Product>1860.80979591837</Product>
  </GDP>
  <GDP>
    <Country>UK</Country>
    <Year>2004</Year>
    <Product>2202.4900216046</Product>
  </GDP>
  <GDP>
    <Country>UK</Country>
    <Year>2005</Year>
    <Product>2280.11374586817</Product>
  </GDP>
  <GDP>
    <Country>UK</Country>
    <Year>2006</Year>
    <Product>2444.14861809022</Product>
  </GDP>
  <GDP>
    <Country>UK</Country>
    <Year>2007</Year>
    <Product>2810.97180314223</Product>
  </GDP>
  <GDP>
    <Country>UK</Country>
    <Year>2008</Year>
    <Product>2657.48226911241</Product>
  </GDP>
  <GDP>
    <Country>UK</Country>
    <Year>2009</Year>
    <Product>2173.15424531756</Product>
  </GDP>
  <GDP>
    <Country>UK</Country>
    <Year>2010</Year>
    <Product>2248.83103871416</Product>
  </GDP>
  <GDP>
    <Country>US</Country>
    <Year>2001</Year>
    <Product>10233.9</Product>
  </GDP>
  <GDP>
    <Country>US</Country>
    <Year>2002</Year>
    <Product>10590.2</Product>
  </GDP>
  <GDP>
    <Country>US</Country>
    <Year>2003</Year>
    <Product>11089.2</Product>
  </GDP>
  <GDP>
    <Country>US</Country>
    <Year>2004</Year>
    <Product>11812.3</Product>
  </GDP>
  <GDP>
    <Country>US</Country>
    <Year>2005</Year>
    <Product>12579.7</Product>
  </GDP>
  <GDP>
    <Country>US</Country>
    <Year>2006</Year>
    <Product>13336.2</Product>
  </GDP>
  <GDP>
    <Country>US</Country>
    <Year>2007</Year>
    <Product>13995</Product>
  </GDP>
  <GDP>
    <Country>US</Country>
    <Year>2008</Year>
    <Product>14296.9</Product>
  </GDP>
  <GDP>
    <Country>US</Country>
    <Year>2009</Year>
    <Product>14048.0566702159</Product>
  </GDP>
  <GDP>
    <Country>US</Country>
    <Year>2010</Year>
    <Product>14586.736313339</Product>
  </GDP>
</G8GDPs>